{"train/codebook_ppl":1,"train/recon_loss":144.02699279785156,"val/total_loss":155.0346845626831,"step":711,"train/commitment_loss":8.376725418202113e-06,"train/vq_loss":8.376725418202113e-06,"_step":712,"train/lr":0.0002,"_timestamp":1.752770604147485e+09,"train/vq_weight":0.4,"_wandb":{"runtime":120},"_runtime":120,"val/recon_loss":152.12976903915404,"epoch":0,"train/total_loss":144.02699279785156,"train/codebook_loss":0,"val/vq_loss":2.9049146987497805}